3ae285ab-434c-59d8-aa2f-59c6129afb92,d8145cb6-97d9-4358-895b-2bf055d169aa
6fc2ad98-d4a8-5d70-9c68-62e9efc1209c,aad6e3b1-6589-4e22-b8ca-521f3d888263
dea01a9d-a024-5b13-84aa-b157304cd3bc,52007112-2772-42f9-957a-a93eaeedb222
95e5f7a9-d88e-5e51-b2ae-f4b1865d19c4,d79f242f-0651-4b12-be79-c2bac234cfde
3058af0c-1807-5732-9a08-9114675ef7d6,c51ecaa4-f237-4707-9c62-2de611820e4b
011c3a82-d716-54f7-9738-3d5fcacf65be,c2ba80cc-add9-42ad-9a8f-b490436826ae
0ab5bc9d-c9fb-52f4-8b8c-64be5edf322f,7bc23b30-5d37-4e03-8256-543b7bf17ba8
187f22db-79cb-5ac4-aa60-54e424e3915e,83b608cb-fbb8-4cc4-895e-bd1cf2b08ae3
265706d5-d6a1-5e96-b4c8-5db454844254,fe6b1845-6b98-425d-aa07-9531474939de
5a95f9d8-35e3-51f5-a269-ba1df36b4bd8,7c823adf-1e53-4df1-98c0-979da81ec916
6bf3785f-e053-57f4-9f70-261ee5e3747f,f9683d28-70df-4112-95c4-490c0383c3c9
6bf3785f-e053-57f4-9f70-261ee5e3747f,d60032f3-ce45-45c4-81fc-26ff0394a248
6bf3785f-e053-57f4-9f70-261ee5e3747f,a12d4410-03e0-44fd-bc8b-890760541a93
de032037-63e0-5c6b-820d-13d4319a2b19,e046f9dd-aca3-4c7a-b396-2148a90ac0f2
377602c1-b049-5c14-bddf-eb4e349bee5c,3634469f-61ad-4e42-97f2-f1335c6ad267
5a95f9d8-35e3-51f5-a269-ba1df36b4bd8,822d7113-eab2-4857-82d2-cc0c1a52ce2b
de032037-63e0-5c6b-820d-13d4319a2b19,24f655ae-8918-4089-8f2c-4c5ef612088b
5a95f9d8-35e3-51f5-a269-ba1df36b4bd8,24d8aa8b-317c-4f03-86d2-65c454370fb8
377602c1-b049-5c14-bddf-eb4e349bee5c,3634469f-61ad-4e42-97f2-f1335c6ad267
092e8cd8-6f44-5189-b574-9c0a5881b334,35e81e15-6820-4f83-9a3d-4ef2cf0da14b
e1e1fed5-4ca3-55b0-9370-182287ec24e5,86a439b0-6b51-46a4-86f3-2490b7ca34ad
a2d2e313-9cbd-5169-b89c-ab07b33ecc33,9ff8f18b-cc79-474c-a3e9-2948113b8bf5
d6fe0d1c-bd8d-552b-ac66-cce620391810,cf8a54a4-5cc2-4263-9ee2-a8d99697578a
18843839-f79f-5b22-a842-241d0f6b12ea,7bf430ff-6f92-4b44-bd3e-c4d0366e7508
57203632-2003-55d2-b710-c699db963f18,1f7e025c-e8f7-4e10-b12b-9715c9c460c7
5d5be024-321d-5342-838e-988d1653296b,191c7fee-5fde-4bdd-96c3-d7af3b4b8585
08604071-83cc-5810-bec2-bea0f0cd0033,0e4191ef-92d1-49a7-8691-8e691d6bfdda
82235f8b-da8c-52a5-ba6b-1f11c199f526,c6e47574-4fcd-4a56-b2df-9e404a556d15
95e5f7a9-d88e-5e51-b2ae-f4b1865d19c4,bfe9ed47-ac2a-4fc6-be19-6ab94f75c4c4
1dc549bf-c1ef-5a30-813f-a2918d37b38d,f5f51623-49f7-4c8d-ad7a-e1bafa10bab8
377602c1-b049-5c14-bddf-eb4e349bee5c,3634469f-61ad-4e42-97f2-f1335c6ad267
47768d25-74d9-5ba4-82db-aeaa7f50e29c,b1d3af49-e178-4153-94ab-8427e69429e4
618f9e01-0ebb-5d59-b334-b428f7ebcc78,22adf983-754f-47af-bf44-2224443c8f28
b39fc3b2-2742-5944-a800-e87c42a093a3,9db6d76b-fe9e-4914-bcc4-c429e0d75d6b
1b59e954-db0a-5096-8116-2ef3638cbb66,117e8cfe-2da4-5c5c-9060-0ac55808a137
9e3cea98-d04d-5190-88b3-46ee6030d4ea,e020b55d-3439-40a1-8271-ba2d59081608
5bb8f186-2460-54dc-911d-54f642e8adf6,213ba1ef-4751-4fc9-a33e-52c49f61c63a
0ca05681-c035-5e50-b538-6e42328f0dfd,454d3146-049c-49b1-b25e-c6551c083265
f314df41-22c1-5fde-bc55-6f48e1625d96,2ebf7868-7696-4520-9c9c-ff4900978427
69c634ad-afea-5826-ad9a-8e1f06d6470b,2b8cef29-6aa5-4e2f-a726-92f916f2424a
b39fc3b2-2742-5944-a800-e87c42a093a3,2fabcf8b-2c9a-4a0a-b895-3274043e5013
999c4870-396c-5a6b-b22e-4c05ee46127d,3f239db2-6d3c-4164-86c0-92c84f5caafa
85e076c0-d4e3-5ae4-9586-0ab862dadf64,8e175c89-437c-4543-ae0a-aba553da0e05
a599fabe-6b73-58f3-88b8-a7b78a2976b5,660c8516-ba38-480a-9ce7-e70a17427842
a2d2e313-9cbd-5169-b89c-ab07b33ecc33,ae81976d-a05e-4ff9-9adf-cdb11a33fff9
a2d2e313-9cbd-5169-b89c-ab07b33ecc33,7cececef-67c0-4e13-9192-943826d3eddd
187f22db-79cb-5ac4-aa60-54e424e3915e,17313b1e-3585-4bfa-9fb4-288636b84313
a2d2e313-9cbd-5169-b89c-ab07b33ecc33,d2346732-acc5-4256-afe5-0a0f3e670e6b
99d74aa0-2f55-5b2c-9c7a-47a3f31357f3,b9b7d326-b583-477a-894b-b810da5b1f2e
a599fabe-6b73-58f3-88b8-a7b78a2976b5,849fa935-bf48-49c6-89e8-5d5b8dd024a2
dbad52b9-6253-4a9b-bfab-246b9e839815,fabc3e64-e470-4f97-bf4a-3957e481e23b
dbad52b9-6253-4a9b-bfab-246b9e839815,9c017289-79a4-40c2-a4fa-451041335db2
2b62ef49-fcff-523c-b81a-0a7dde2b0609,bbc9bfe3-3db1-400b-9ff0-613f57899614
dbad52b9-6253-4a9b-bfab-246b9e839815,339085cc-c70c-4a5f-ae9f-ecc745ac8a45
acddbb03-064b-5098-87ca-9b146beb12e8,0d616fe3-16ab-40be-a33c-98468f81fc11
95e5f7a9-d88e-5e51-b2ae-f4b1865d19c4,3587c342-cd4a-481c-838c-de242e5beb0b
c73b1a23-1c28-5edb-94c3-10d1745d0877,5342bf75-528c-417e-844b-1d2c69677aeb
c76ef0a6-0181-5b9b-a4bc-dd85d4ed178b,fe393a12-8545-440d-b88b-64e6568936fc
08604071-83cc-5810-bec2-bea0f0cd0033,2b77f75d-7f9b-4d47-864b-ccf495d4b1f4
70b4915d-0c0b-5f7a-9980-82831d2a9ba2,b9471140-0674-4884-bbb5-39ce9c4a000f
52786c48-86b4-5fd9-b4fe-7b44dcc3e4ba,13468078-1a54-4b0e-92bc-2faea2999ae7
c8d77c9c-e661-5d79-8d5f-735cfe9a95b7,17249ca4-fc26-45bb-afa3-d86212c9b2f8
3074902b-b2dc-5877-bfc3-30f5df0fbe6a,c59c7ffe-3847-4d55-ac27-5a1c1fbe6140
2c5f77fe-25d9-5a2d-97ef-236718c627df,469fb1ea-6b9e-4df4-96d3-0b61e9b1b5ca
2c5f77fe-25d9-5a2d-97ef-236718c627df,c5071214-ba27-4327-ae0b-4769fc9cac06
b9ee4d5d-77e7-56a4-a195-397ae28a3dfe,e92721f0-4291-4b50-a621-f658d875e640
beeeef0b-51e9-52ac-b8d7-9ed54d5be3b0,8ed4bcfe-a4f9-42a7-9529-d30c3d634656
08604071-83cc-5810-bec2-bea0f0cd0033,bb9c21e4-6c98-44b9-bf0b-125d244bd013
2b62ef49-fcff-523c-b81a-0a7dde2b0609,3aaaebf8-e10f-4058-82af-509b4a61689f
2b62ef49-fcff-523c-b81a-0a7dde2b0609,3b60e3d7-93c2-404e-8679-c541668fa121
2b62ef49-fcff-523c-b81a-0a7dde2b0609,765a7360-3c4c-4df6-becb-121abe595f4d
537df90e-0cc4-535b-84d0-dcb3ca87f1f8,33932ccc-c707-411b-b914-4e9a94ec7e89
d518a5ad-4df1-413e-a4a4-f2c7e146e650,7470d39e-6a8a-4356-9349-b9887d0970be
d577b6cd-8c41-548b-abba-60e1502a94df,https://justcast.com/shows/44721/audioposts/1246165
c1dc15c3-a6e6-577b-8b4e-a7eae58fd40b,https://justcast.com/shows/44808/audioposts/1248738
70456036-6a9c-5165-8fa7-84352259d602,ba10024a-d040-4b31-b61d-ea1fca19387d
121c26b0-33f8-5cb9-9e14-d706bd3f5db8,c2747138-3458-4a7d-b5be-7d2c637295bc
2b62ef49-fcff-523c-b81a-0a7dde2b0609,41339be2-3d61-4223-9641-3e7dd12be2b0
bcd811d1-9fda-51d9-b2a6-9337f0131b66,ddc7dff4-121b-43ac-81b2-74c9ab618e59
7a0735a7-c2d2-5e2c-ad5a-8586a62bfc93,3a5a784f-642f-41ab-b552-8c710415b8c6
1ef2b1d6-c4c0-5ef5-b534-bfc025e4193e,46aa7bd5-4355-5e6c-976d-323a4dd7b7ab
d3e9bb7a-3df8-5b7e-8f52-0b01decf2b66,360106a8-ddd8-4ee3-8bdf-2ef967b400ab
2b62ef49-fcff-523c-b81a-0a7dde2b0609,7f2eb92d-289e-4408-ac6c-47fea5905dc1
94c8a0bf-f76e-5f8c-ba1d-c0c15a642271,b8c2544f-88ec-4cc2-a30f-98d3e4c25aea
babd1567-2803-5ede-9a19-302c2fbf9eae,a2bf5272-8811-4882-aa39-a730c290af4d
2ec344a8-d756-5f8f-bde1-8a034321f1cb,c341b8f3-28b7-43c2-baff-b59eb6d8de8b
2b62ef49-fcff-523c-b81a-0a7dde2b0609,2f1fabc9-54c0-4e96-93d8-98737356b448
87ef86af-9d75-5876-97f9-5ea46e6094f7,eab9f1bd-94da-4c3c-afa7-3b4bc0c50c70
a2d2e313-9cbd-5169-b89c-ab07b33ecc33,c2264e2b-a564-43d2-bf7e-5be6298e2ea2
69c634ad-afea-5826-ad9a-8e1f06d6470b,584953af-7321-4bfe-882d-7cadd697e807
f511794d-437f-5cbd-8fcd-c541652a7931,088c8c1b-4753-4bc6-9ae3-08bcbddb3aa1
028e9f67-e0fc-558f-b598-25f06179cea3,f6ee3774-c452-4e25-b8f4-c8330ff00f43
4ab3741a-4a10-5631-a026-a9d0eb62fe11,b24f24f6-6e49-4685-afc9-c9fa856a9f1e
82235f8b-da8c-52a5-ba6b-1f11c199f526,e580458f-ee8d-4674-b851-2e271cc3ff8e
2b62ef49-fcff-523c-b81a-0a7dde2b0609,26071e5e-74f4-4dd6-bb4f-19bfa259801f
a2d2e313-9cbd-5169-b89c-ab07b33ecc33,ae81976d-a05e-4ff9-9adf-cdb11a33fff9
6335b366-6a83-5df4-ba62-d356ede08d70,62767045-5cc0-4280-a552-145a56e6964a
cb086537-5673-57a8-9c78-72542da2a7d4,9a29c9f0-649f-4ddd-8888-55ed84d7c2ab
e0658b29-1cd3-55b8-ac51-0997764ce334,32dd5103-548b-4b0a-ba56-13088637c1d5
6eef0b66-bb86-5d0c-b260-099bcc920b7c,bd305f20-3c55-47b1-9722-6d68aeeaede7
a599fabe-6b73-58f3-88b8-a7b78a2976b5,660c8516-ba38-480a-9ce7-e70a17427842
545a3589-88e6-57c5-8448-bdc056cc3dfb,e7d7bf4f-811c-4644-9897-3f78cd2afa00
3074902b-b2dc-5877-bfc3-30f5df0fbe6a,c59c7ffe-3847-4d55-ac27-5a1c1fbe6140
2b62ef49-fcff-523c-b81a-0a7dde2b0609,ae930ad6-5966-4033-b17f-b4e39519701d
5bb8f186-2460-54dc-911d-54f642e8adf6,213ba1ef-4751-4fc9-a33e-52c49f61c63a
5bb8f186-2460-54dc-911d-54f642e8adf6,f69cd5a5-2018-411b-afc1-00ab12142e83
5bb8f186-2460-54dc-911d-54f642e8adf6,3c506193-5247-41bf-9d5d-6d8c7571142c
66740bed-5dca-540f-98ff-0411593dab82,c660daaf-c499-4c36-af7c-f41171d9b612
ec20d4ed-76c2-50dc-b4d9-0ba407f8cd81,55e1640d-5de7-448f-94ec-7cc2797e245a
2b62ef49-fcff-523c-b81a-0a7dde2b0609,eb69c0a1-c8b3-4898-8eef-af496d04a4e5
c8d77c9c-e661-5d79-8d5f-735cfe9a95b7,17249ca4-fc26-45bb-afa3-d86212c9b2f8
2b62ef49-fcff-523c-b81a-0a7dde2b0609,caae8d61-bedd-40d9-ad57-8c86c1509020
2b62ef49-fcff-523c-b81a-0a7dde2b0609,58c9b50a-6d5f-4dcd-90ae-e3a76a9d2c0e
b84c3345-55db-54e0-ac41-4b1cc6f3df67,6941fa17-0b82-4acf-aba0-79bdb219c98f
bba99401-378c-5540-bf95-c456b3d4de26,804099cb-264f-42cc-8026-18f989c08f2b
69c634ad-afea-5826-ad9a-8e1f06d6470b,3e3d88cd-d20e-4999-9239-70a8c762749b
2b62ef49-fcff-523c-b81a-0a7dde2b0609,a58d266a-2421-4772-9ae9-83ebbeb80d79
2b62ef49-fcff-523c-b81a-0a7dde2b0609,fedb7f31-c90a-4aca-9ab8-87db350af674
2b62ef49-fcff-523c-b81a-0a7dde2b0609,be4da809-a7d3-42fb-aec9-7050144bf814
1e7ed1fa-0456-5860-9b34-825d1335d8f8,5334a806-1c60-481e-a978-7577ce988b56
c76ef0a6-0181-5b9b-a4bc-dd85d4ed178b,fe393a12-8545-440d-b88b-64e6568936fc
d13eab76-a4c4-5e4b-a0fb-25ed1386bc51,58cf0bcf-bf66-46a1-8759-314def6d76e5